bin_start_s,bin_end_s,counts
0,15,455
15,30,414
30,45,416
45,60,355
60,75,361
75,90,331
90,105,289
105,120,298
120,135,250
135,150,260
150,165,224
165,180,213
180,195,216
195,210,220
210,225,179
225,240,173
240,255,178
255,270,185
270,285,157
285,300,143
300,315,163
315,330,112
330,345,137
345,360,112
360,375,101
375,390,95
390,405,97
405,420,106
420,435,84
435,450,90
450,465,87
465,480,78
480,495,78
495,510,61
510,525,58
525,540,62
540,555,70
555,570,62
570,585,57
585,600,61
600,615,56
615,630,51
630,645,60
645,660,56
660,675,46
675,690,50
690,705,48
705,720,55
720,735,50
735,750,41
750,765,58
765,780,35
780,795,40
795,810,45
810,825,34
825,840,39
840,855,28
855,870,41
870,885,42
885,900,38
900,915,44
915,930,33
930,945,39
945,960,37
960,975,36
975,990,34
990,1005,40
1005,1020,44
1020,1035,33
1035,1050,36
1050,1065,25
1065,1080,36
1080,1095,35
1095,1110,48
1110,1125,38
1125,1140,29
1140,1155,30
1155,1170,34
1170,1185,21
1185,1200,31
